-- Script was generated by Devart dbForge Studio Express for MySQL, Version 5.0.97.0
-- Product home page: http://www.devart.com/dbforge/mysql/studio
-- Script date 10/20/2016 8:41:03 PM
-- Server version: 5.5.39
-- Client version: 4.1

-- 
-- Disable foreign keys
-- 
/*!40014 SET @OLD_FOREIGN_KEY_CHECKS=@@FOREIGN_KEY_CHECKS, FOREIGN_KEY_CHECKS=0 */;

-- 
-- Set character set the client will use to send SQL statements to the server
--
SET NAMES 'utf8';

-- 
-- Set default database
--
USE learnforlife_tyh;

--
-- Definition for table admin
--
DROP TABLE IF EXISTS admin;
CREATE TABLE admin (
  ad_id INT(11) NOT NULL AUTO_INCREMENT,
  ad_name VARCHAR(50) DEFAULT NULL,
  ad_mail VARCHAR(50) DEFAULT NULL,
  ad_pwd VARCHAR(10) DEFAULT NULL,
  PRIMARY KEY (ad_id)
)
ENGINE = INNODB
AUTO_INCREMENT = 8
AVG_ROW_LENGTH = 16384
CHARACTER SET latin1
COLLATE latin1_swedish_ci;

--
-- Definition for table apply
--
DROP TABLE IF EXISTS apply;
CREATE TABLE apply (
  a_id INT(11) NOT NULL AUTO_INCREMENT,
  stid INT(11) DEFAULT NULL,
  pid INT(11) DEFAULT NULL,
  PRIMARY KEY (a_id)
)
ENGINE = INNODB
AUTO_INCREMENT = 10
AVG_ROW_LENGTH = 1820
CHARACTER SET latin1
COLLATE latin1_swedish_ci;

--
-- Definition for table category
--
DROP TABLE IF EXISTS category;
CREATE TABLE category (
  categoryid INT(11) NOT NULL AUTO_INCREMENT,
  category VARCHAR(100) DEFAULT NULL,
  PRIMARY KEY (categoryid)
)
ENGINE = INNODB
AUTO_INCREMENT = 4
AVG_ROW_LENGTH = 5461
CHARACTER SET latin1
COLLATE latin1_swedish_ci;

--
-- Definition for table employer
--
DROP TABLE IF EXISTS employer;
CREATE TABLE employer (
  em_id INT(11) NOT NULL AUTO_INCREMENT,
  em_name VARCHAR(100) DEFAULT NULL,
  em_mail VARCHAR(250) DEFAULT NULL,
  em_password VARCHAR(240) DEFAULT NULL,
  em_contact VARCHAR(250) DEFAULT NULL,
  em_description VARCHAR(300) DEFAULT NULL,
  PRIMARY KEY (em_id)
)
ENGINE = INNODB
AUTO_INCREMENT = 6
AVG_ROW_LENGTH = 3276
CHARACTER SET latin1
COLLATE latin1_swedish_ci;

--
-- Definition for table project
--
DROP TABLE IF EXISTS project;
CREATE TABLE project (
  pid INT(11) NOT NULL AUTO_INCREMENT,
  p_tittle VARCHAR(200) NOT NULL,
  p_desc VARCHAR(250) NOT NULL,
  p_skill VARCHAR(300) NOT NULL,
  p_payment VARCHAR(51) NOT NULL,
  p_startdate VARCHAR(255) NOT NULL,
  p_enddate VARCHAR(255) NOT NULL,
  p_description VARCHAR(255) NOT NULL,
  em_id INT(11) DEFAULT NULL,
  PRIMARY KEY (pid)
)
ENGINE = INNODB
AUTO_INCREMENT = 10
AVG_ROW_LENGTH = 2730
CHARACTER SET latin1
COLLATE latin1_swedish_ci;

--
-- Definition for table student
--
DROP TABLE IF EXISTS student;
CREATE TABLE student (
  stid INT(11) NOT NULL AUTO_INCREMENT,
  name VARCHAR(75) NOT NULL,
  email VARCHAR(150) NOT NULL,
  `password` VARCHAR(25) NOT NULL,
  location VARCHAR(200) NOT NULL,
  phno VARCHAR(24) NOT NULL,
  skill VARCHAR(150) NOT NULL,
  workdesc VARCHAR(200) NOT NULL,
  edudesc VARCHAR(200) NOT NULL,
  PRIMARY KEY (stid)
)
ENGINE = INNODB
AUTO_INCREMENT = 3
AVG_ROW_LENGTH = 8192
CHARACTER SET latin1
COLLATE latin1_swedish_ci;

-- 
-- Dumping data for table admin
--
INSERT INTO admin VALUES 
  (7, 'admin', 'admin@gmail.com', '123');

-- 
-- Dumping data for table apply
--
INSERT INTO apply VALUES 
  (1, 1, 2),
  (2, 1, 1),
  (3, 1, 1),
  (4, 2, NULL),
  (5, 2, NULL),
  (6, 2, NULL),
  (7, 2, NULL),
  (8, 2, NULL),
  (9, 2, NULL);

-- 
-- Dumping data for table category
--
INSERT INTO category VALUES 
  (1, '1 month project'),
  (2, '3 months project'),
  (3, '6 months project');

-- 
-- Dumping data for table employer
--
INSERT INTO employer VALUES 
  (1, 'ThantYinHtet', 'thantyinhtet@gmail.com', '123', ' aaaaaaaa', ' aaaaaaaaaaa'),
  (2, 'Ma Hla', 'hla@gmail.com', '111', 'Yangon ', 'dddd'),
  (3, 'Kyaw Kyaw', 'kyaw@gmail.com', '123', 'Naypyitaw', ' sss'),
  (4, 'Min Min', 'min@gmail.com', '123', ' Mandalay', ' dddd'),
  (5, 'emplopyer', 'emp@gmail.com', 'emp', ' Yangon', 'none ');

-- 
-- Dumping data for table project
--
INSERT INTO project VALUES 
  (1, 'money', '1 month project', ' idfufuerjoif', 'ddddddd', '111111', '222222', ' 5555555', 1),
  (2, 'sss', '1 month project', ' sss', '123', '12/2/2016', '23/4/2017', ' ssss', 2),
  (3, 'aaa', '6 months project', ' aaa', '123', '5/3/2017', '23/4/2017', 'ttttt', 2),
  (7, 'fff', '6 months project', ' fff', '3000', '5/3/2017', '23/4/2017', ' fff', 3),
  (8, 'asda', '3 months project', 'php,java', '800', '3/8/2016', '5/9/2017', ' sdfvgfert', 4),
  (9, 'eeee', '3 months project', ' ffff', '2323', '12/2/2016', '5/9/2017', ' sss', 5);

-- 
-- Dumping data for table student
--
INSERT INTO student VALUES 
  (1, 'Thant', 'ndhiwf@gmail.com', '111', 'ddddddddddddddddd', 'ddddddddddddddddd', 'ddddddddddddddddd', 'dddddddddddddddddddddddddddddddddddddddddddddddddddddddddddddddddddddddddddddddddddddddddddddddddddddddddddddd', 'dddddddddddddddddddddddddddddddddddddddddddddddddddddddddddddddddddddddddddddddddddddddddddddddddddddddddddddd'),
  (2, 'Robin Kyaw ', 'robin@gmail.com', '123', 'Yangon', '09234858674', 'PHP', 'None', 'PHP certificate');

-- 
-- Enable foreign keys
-- 
/*!40014 SET FOREIGN_KEY_CHECKS=@OLD_FOREIGN_KEY_CHECKS */;